{"stat.useItem.351":2040,"stat.useItem.110":7,"stat.useItem.355":4,"stat.useItem.113":2,"stat.useItem.354":1,"stat.killEntity.EntityHorse":1,"stat.useItem.356":23,"stat.useItem.116":10,"stat.leaveGame":40,"stat.useItem.123":16,"stat.useItem.126":1209,"stat.swimOneCm":44124,"stat.climbOneCm":20429,"stat.useItem.129":14,"achievement.exploreAllBiomes":{"value":0,"progress":["Beach","Roofed Forest","Forest","Plains"]},"stat.useItem.331":46,"stat.useItem.338":62,"stat.flyOneCm":5263101,"stat.useItem.101":117,"stat.useItem.103":9,"stat.useItem.107":45,"stat.useItem.109":297,"stat.killEntity.Villager":1,"stat.useItem.323":151,"achievement.mineWood":1,"stat.useItem.86":31,"stat.useItem.87":1,"stat.useItem.88":4,"stat.useItem.89":2,"stat.useItem.84":3,"stat.useItem.85":1112,"achievement.openInventory":1491,"stat.useItem.80":348,"stat.useItem.98":196,"stat.deaths":3,"stat.drop":21,"stat.useItem.96":169,"stat.playOneMinute":3684217,"stat.killEntity.Zombie":1,"stat.diveOneCm":17675,"stat.useItem.65":65,"stat.useItem.66":58,"stat.useItem.67":107,"stat.useItem.61":12,"stat.useItem.69":11,"stat.useItem.77":48,"stat.useItem.72":1,"stat.jump":6009,"stat.fallOneCm":11927,"stat.useItem.70":2,"stat.useItem.175":12,"stat.useItem.295":295,"stat.useItem.44":598,"stat.useItem.41":6,"stat.damageTaken":1780,"stat.useItem.46":28,"stat.useItem.47":79,"stat.useItem.48":35,"stat.useItem.53":6,"stat.useItem.54":27,"stat.useItem.50":57,"stat.damageDealt":440,"stat.killEntity.Cow":2,"stat.useItem.58":59,"stat.useItem.152":16,"stat.useItem.397":157,"stat.useItem.276":4,"stat.walkOneCm":2160572,"stat.useItem.157":5,"stat.useItem.159":1331,"stat.useItem.160":240,"stat.useItem.25":23,"stat.useItem.27":5,"stat.useItem.31":81,"stat.useItem.164":46,"stat.useItem.32":79,"stat.useItem.33":59,"stat.useItem.287":35,"stat.useItem.30":186,"stat.useItem.39":5,"stat.useItem.171":139,"stat.useItem.35":836,"stat.useItem.170":639,"stat.useItem.293":369,"stat.useItem.38":104,"stat.useItem.131":38,"stat.useItem.134":1104,"stat.useItem.137":4,"stat.useItem.139":171,"stat.useItem.138":1,"stat.useItem.259":1,"stat.mobKills":5,"stat.useItem.380":6,"stat.useItem.383":4,"stat.useItem.6":11,"stat.useItem.12":721,"stat.useItem.143":55,"stat.useItem.7":1,"stat.useItem.146":1,"stat.useItem.145":18,"stat.useItem.148":5,"stat.useItem.147":1,"stat.useItem.389":54,"stat.useItem.1":844,"stat.useItem.4":107,"stat.useItem.5":280,"stat.useItem.3":2160,"stat.useItem.17":1604,"stat.useItem.18":1732,"stat.useItem.13":257,"stat.useItem.391":48,"stat.useItem.390":56,"stat.useItem.14":11,"stat.useItem.151":12,"stat.useItem.15":2,"stat.useItem.16":20}